{"cameraMode":{"drawMode":0,"name":"Shaded","section":"Shading Mode"},"sceneLighting":true,"audioPlay":false,"sceneViewState":{"showFog":true,"showMaterialUpdate":false,"showSkybox":true,"showFlares":true,"showImageEffects":true,"showParticleSystems":true},"in2DMode":false,"pivot":{"x":51.17760467529297,"y":0.5973254442214966,"z":-2.467414379119873},"rotation":{"x":0.09602322429418564,"y":0.1634734719991684,"z":-0.015988895669579507,"w":0.9817368984222412},"size":1.6009594202041627,"orthographic":false}