{"cameraMode":{"drawMode":0,"name":"Shaded","section":"Shading Mode"},"sceneLighting":false,"audioPlay":false,"sceneViewState":{"showFog":true,"showMaterialUpdate":false,"showSkybox":true,"showFlares":true,"showImageEffects":true,"showParticleSystems":true},"in2DMode":false,"pivot":{"x":28.80069351196289,"y":-3.0406227111816408,"z":5.012470245361328},"rotation":{"x":0.1995919942855835,"y":0.023514246568083764,"z":-0.0047910455614328388,"w":0.9795859456062317},"size":12.368247985839844,"orthographic":false}