{"cameraMode":{"drawMode":0,"name":"Shaded","section":"Shading Mode"},"sceneLighting":false,"audioPlay":false,"sceneViewState":{"showFog":true,"showMaterialUpdate":false,"showSkybox":true,"showFlares":true,"showImageEffects":true,"showParticleSystems":true},"in2DMode":false,"pivot":{"x":3.371816873550415,"y":-1.7627463340759278,"z":-1.2241277694702149},"rotation":{"x":0.1615545153617859,"y":-0.2200210690498352,"z":0.03697574883699417,"w":0.9613142013549805},"size":3.1238744258880617,"orthographic":false}